CustomerID,Age,Gender,AnnualIncome,SpendingScore,PurchaseFrequency,AveragePurchaseValue,Recency,Cluster
C001,22,Female,25000,78,12,1800,10,3
C002,35,Male,55000,45,8,3200,25,0
C003,28,Female,32000,82,15,2100,7,3
C004,42,Male,75000,35,5,4500,40,0
C005,31,Female,48000,68,11,3600,14,1
C006,25,Male,28000,55,9,2200,20,1
C007,45,Female,85000,30,4,5200,55,2
C008,29,Male,40000,75,14,2800,9,1
C009,38,Female,62000,52,7,4100,30,0
C010,23,Female,22000,88,17,1600,5,3
C011,50,Male,95000,25,3,6000,70,2
C012,34,Female,58000,72,13,3900,12,1
C013,27,Male,35000,65,10,2400,18,1
C014,41,Female,72000,40,6,4800,38,0
C015,30,Male,45000,80,16,3000,6,1
C016,48,Female,90000,28,4,5500,65,2
C017,26,Male,30000,70,12,2000,15,1
C018,36,Female,60000,58,9,3800,24,0
C019,44,Male,80000,33,5,5000,48,2
C020,24,Female,27000,85,16,1900,8,3
C021,33,Male,52000,62,10,3400,17,1
C022,39,Female,68000,48,7,4300,32,0
C023,28,Male,38000,76,13,2600,11,1
C024,46,Female,88000,31,4,5400,58,2
C025,32,Male,50000,69,12,3300,13,1
C026,21,Female,20000,91,18,1500,4,3
C027,37,Male,65000,43,7,4200,35,0
C028,43,Female,78000,37,6,4700,42,0
C029,29,Female,42000,74,14,2700,10,1
C030,40,Male,70000,50,8,4600,28,0
